Domain,Url From,Url To
caltechstore.caltech.edu,/apple,/technology/apple-computers
caltechstore.caltech.edu,/catalogs/100,/apparel
caltechstore.caltech.edu,/catalogs/100/products/103233,/apparel/t-shirts
caltechstore.caltech.edu,/catalogs/100/products/104623,/apparel/t-shirts
caltechstore.caltech.edu,/catalogs/100/products/104625,/apparel/t-shirts
caltechstore.caltech.edu,/catalogs/100/products/104626,/apparel/sweatshirts
caltechstore.caltech.edu,/catalogs/100/products/104629,/apparel/t-shirts
caltechstore.caltech.edu,/catalogs/100/products/104630,/apparel/sweatshirts
caltechstore.caltech.edu,/catalogs/100/products/104633,/apparel/t-shirts
caltechstore.caltech.edu,/catalogs/100/products/104636,/apparel/t-shirts
caltechstore.caltech.edu,/catalogs/100/products/104637,/apparel/sweatshirts
caltechstore.caltech.edu,/catalogs/100/products/104638,/apparel/t-shirts
caltechstore.caltech.edu,/catalogs/100/products/104641,/apparel/sweatshirts
caltechstore.caltech.edu,/catalogs/100/products/9781594203954,/gifts
caltechstore.caltech.edu,/catalogs/101,/gifts
caltechstore.caltech.edu,/catalogs/101/products/100428,/gifts
caltechstore.caltech.edu,/catalogs/101/products/100695,/gifts
caltechstore.caltech.edu,/catalogs/101/products/101439,/gifts
caltechstore.caltech.edu,/catalogs/101/products/101859,/gifts
caltechstore.caltech.edu,/catalogs/101/products/102437,/gifts
caltechstore.caltech.edu,/catalogs/101/products/102554,/gifts
caltechstore.caltech.edu,/catalogs/101/products/102578,/gifts
caltechstore.caltech.edu,/catalogs/101/products/102827,/gifts
caltechstore.caltech.edu,/catalogs/101/products/102850,/gifts
caltechstore.caltech.edu,/catalogs/101/products/103910,/gifts
caltechstore.caltech.edu,/catalogs/101/products/103917,/gifts
caltechstore.caltech.edu,/catalogs/101/products/103926,/gifts
caltechstore.caltech.edu,/catalogs/101/products/103927,/gifts
caltechstore.caltech.edu,/catalogs/101/products/103928,/gifts
caltechstore.caltech.edu,/catalogs/101/products/103929,/gifts
caltechstore.caltech.edu,/catalogs/101/products/103988,/gifts
caltechstore.caltech.edu,/catalogs/101/products/104008,/gifts
caltechstore.caltech.edu,/catalogs/101/products/104102,/gifts
caltechstore.caltech.edu,/catalogs/101/products/104155,/gifts
caltechstore.caltech.edu,/catalogs/101/products/104169,/gifts
caltechstore.caltech.edu,/catalogs/101/products/104268,/gifts
caltechstore.caltech.edu,/catalogs/101/products/104292,/gifts
caltechstore.caltech.edu,/catalogs/101/products/104313,/gifts
caltechstore.caltech.edu,/catalogs/101/products/104365,/gifts
caltechstore.caltech.edu,/catalogs/101/products/104551,/gifts
caltechstore.caltech.edu,/catalogs/101/products/105383,/gifts
caltechstore.caltech.edu,/catalogs/101/products/9020480,/gifts
caltechstore.caltech.edu,/catalogs/101/products/9020874,/gifts
caltechstore.caltech.edu,/catalogs/101/products/9022546,/gifts
caltechstore.caltech.edu,/catalogs/101/products/9039592,/gifts
caltechstore.caltech.edu,/catalogs/101/products/9046869,/gifts
caltechstore.caltech.edu,/catalogs/101/products/9780215123459,/gifts
caltechstore.caltech.edu,/catalogs/101/products/9780215987655,/gifts
caltechstore.caltech.edu,/catalogs/101/products/9780976432104,/gifts
caltechstore.caltech.edu,/catalogs/101/products/9789814460248,/gifts
caltechstore.caltech.edu,/catalogs/102,/apparel/sweatshirts
caltechstore.caltech.edu,/catalogs/102/products/101567,/apparel/sweatshirts
caltechstore.caltech.edu,/catalogs/102/products/102077,/apparel/sweatshirts
caltechstore.caltech.edu,/catalogs/102/products/102192,/apparel/sweatshirts
caltechstore.caltech.edu,/catalogs/102/products/102904,/apparel/sweatshirts
caltechstore.caltech.edu,/catalogs/102/products/103392,/apparel/sweatshirts
caltechstore.caltech.edu,/catalogs/102/products/103393,/apparel/sweatshirts
caltechstore.caltech.edu,/catalogs/102/products/103460,/apparel/sweatshirts
caltechstore.caltech.edu,/catalogs/102/products/103728,/apparel/sweatshirts
caltechstore.caltech.edu,/catalogs/102/products/103826,/apparel/sweatshirts
caltechstore.caltech.edu,/catalogs/102/products/104010,/apparel/sweatshirts
caltechstore.caltech.edu,/catalogs/102/products/104378,/apparel/sweatshirts
caltechstore.caltech.edu,/catalogs/102/products/104387,/apparel/sweatshirts
caltechstore.caltech.edu,/catalogs/102/products/104396,/apparel/sweatshirts
caltechstore.caltech.edu,/catalogs/102/products/104473,/apparel/sweatshirts
caltechstore.caltech.edu,/catalogs/102/products/104474,/apparel/sweatshirts
caltechstore.caltech.edu,/catalogs/102/products/105247,/apparel/sweatshirts
caltechstore.caltech.edu,/catalogs/102/products/105252,/apparel/sweatshirts
caltechstore.caltech.edu,/catalogs/102/products/105329,/apparel/sweatshirts
caltechstore.caltech.edu,/catalogs/102/products/105373,/apparel/sweatshirts
caltechstore.caltech.edu,/catalogs/102/products/105508,/apparel/sweatshirts
caltechstore.caltech.edu,/catalogs/103,/apparel/t-shirts
caltechstore.caltech.edu,/catalogs/103/products/100424,/apparel/t-shirts
caltechstore.caltech.edu,/catalogs/103/products/100765,/apparel/t-shirts
caltechstore.caltech.edu,/catalogs/103/products/101241,/apparel/t-shirts
caltechstore.caltech.edu,/catalogs/103/products/102583,/apparel/t-shirts
caltechstore.caltech.edu,/catalogs/103/products/102730,/apparel/t-shirts
caltechstore.caltech.edu,/catalogs/103/products/102917,/apparel/t-shirts
caltechstore.caltech.edu,/catalogs/103/products/103111,/apparel/t-shirts
caltechstore.caltech.edu,/catalogs/103/products/103124,/apparel/t-shirts
caltechstore.caltech.edu,/catalogs/103/products/103425,/apparel/t-shirts
caltechstore.caltech.edu,/catalogs/103/products/103533,/apparel/t-shirts
caltechstore.caltech.edu,/catalogs/103/products/103550,/apparel/t-shirts
caltechstore.caltech.edu,/catalogs/103/products/103665,/apparel
caltechstore.caltech.edu,/catalogs/103/products/103823,/apparel
caltechstore.caltech.edu,/catalogs/103/products/103898,/apparel
caltechstore.caltech.edu,/catalogs/103/products/104009,/apparel
caltechstore.caltech.edu,/catalogs/103/products/104021,/apparel
caltechstore.caltech.edu,/catalogs/103/products/104178,/apparel
caltechstore.caltech.edu,/catalogs/103/products/104767,/apparel
caltechstore.caltech.edu,/catalogs/103/products/105039,/apparel
caltechstore.caltech.edu,/catalogs/103/products/105120,/apparel
caltechstore.caltech.edu,/catalogs/103/products/105121,/apparel
caltechstore.caltech.edu,/catalogs/103/products/105386,/apparel
caltechstore.caltech.edu,/catalogs/103/products/105396,/apparel
caltechstore.caltech.edu,/catalogs/104,/apparel/caps
caltechstore.caltech.edu,/catalogs/104/products/100169,/apparel/caps
caltechstore.caltech.edu,/catalogs/104/products/101000,/apparel/caps
caltechstore.caltech.edu,/catalogs/104/products/101065,/apparel/caps
caltechstore.caltech.edu,/catalogs/104/products/101787,/apparel/caps
caltechstore.caltech.edu,/catalogs/104/products/102263,/apparel/caps
caltechstore.caltech.edu,/catalogs/104/products/103243,/apparel/caps
caltechstore.caltech.edu,/catalogs/104/products/103429,/apparel/caps
caltechstore.caltech.edu,/catalogs/104/products/103720,/apparel/caps
caltechstore.caltech.edu,/catalogs/104/products/104319,/apparel/caps
caltechstore.caltech.edu,/catalogs/104/products/104357,/apparel/caps
caltechstore.caltech.edu,/catalogs/104/products/104528,/apparel/caps
caltechstore.caltech.edu,/catalogs/104/products/104804,/apparel/caps
caltechstore.caltech.edu,/catalogs/104/products/105281,/apparel/caps
caltechstore.caltech.edu,/catalogs/104/products/105366,/apparel/caps
caltechstore.caltech.edu,/catalogs/105,/gifts/drinkware
caltechstore.caltech.edu,/catalogs/105/products/100985,/gifts/drinkware
caltechstore.caltech.edu,/catalogs/105/products/102019,/gifts/drinkware
caltechstore.caltech.edu,/catalogs/105/products/103480,/gifts/drinkware
caltechstore.caltech.edu,/catalogs/105/products/103485,/gifts/drinkware
caltechstore.caltech.edu,/catalogs/105/products/103900,/gifts/drinkware
caltechstore.caltech.edu,/catalogs/105/products/104532,/gifts/drinkware
caltechstore.caltech.edu,/catalogs/105/products/104717,/gifts/drinkware
caltechstore.caltech.edu,/catalogs/105/products/104765,/gifts/drinkware
caltechstore.caltech.edu,/catalogs/105/products/104775,/gifts/drinkware
caltechstore.caltech.edu,/catalogs/105/products/104776,/gifts/drinkware
caltechstore.caltech.edu,/catalogs/105/products/104779,/gifts/drinkware
caltechstore.caltech.edu,/catalogs/105/products/105514,/gifts/drinkware
caltechstore.caltech.edu,/catalogs/105/products/9064296,/gifts/drinkware
caltechstore.caltech.edu,/catalogs/107,/apparel/Youth-Clothing
caltechstore.caltech.edu,/catalogs/107/products/100089,/apparel/Youth-Clothing
caltechstore.caltech.edu,/catalogs/107/products/102162,/apparel/Youth-Clothing
caltechstore.caltech.edu,/catalogs/107/products/102785,/apparel/Youth-Clothing
caltechstore.caltech.edu,/catalogs/107/products/104033,/apparel/Youth-Clothing
caltechstore.caltech.edu,/catalogs/107/products/104354,/apparel/Youth-Clothing
caltechstore.caltech.edu,/catalogs/107/products/104601,/apparel/Youth-Clothing
caltechstore.caltech.edu,/catalogs/107/products/104744,/apparel/Youth-Clothing
caltechstore.caltech.edu,/catalogs/107/products/104928,/apparel/Youth-Clothing
caltechstore.caltech.edu,/catalogs/107/products/104944,/apparel/Youth-Clothing
caltechstore.caltech.edu,/catalogs/107/products/105126,/apparel/Youth-Clothing
caltechstore.caltech.edu,/catalogs/107/products/105206,/apparel/Youth-Clothing
caltechstore.caltech.edu,/catalogs/107/products/105207,/apparel/Youth-Clothing
caltechstore.caltech.edu,/catalogs/110/products/105028,/technology
caltechstore.caltech.edu,/catalogs/111,/technology/apple-computers
caltechstore.caltech.edu,/catalogs/111/products/104652,/technology/apple-computers
caltechstore.caltech.edu,/catalogs/111/products/104678,/technology/apple-computers
caltechstore.caltech.edu,/catalogs/111/products/104843,/technology/apple-computers
caltechstore.caltech.edu,/catalogs/111/products/104854,/technology/apple-care
caltechstore.caltech.edu,/catalogs/111/products/105023,/technology/apple-computers
caltechstore.caltech.edu,/catalogs/111/products/105051,/technology/apple-computers
caltechstore.caltech.edu,/catalogs/111/products/105086,/technology/apple-computers
caltechstore.caltech.edu,/catalogs/111/products/105261,/technology/apple-computers
caltechstore.caltech.edu,/catalogs/111/products/105439,/technology/apple-computers
caltechstore.caltech.edu,/catalogs/111/products/105469,/technology/
caltechstore.caltech.edu,/catalogs/111/products/105471,/technology/apple-computers
caltechstore.caltech.edu,/catalogs/111/products/105644,/technology/
caltechstore.caltech.edu,/catalogs/113,/school-supplies
caltechstore.caltech.edu,/catalogs/113/products/104102,/gifts
caltechstore.caltech.edu,/catalogs/114,/apparel/jackets
caltechstore.caltech.edu,/catalogs/114/products/101065,/apparel/caps
caltechstore.caltech.edu,/catalogs/114/products/101901,/apparel/caps
caltechstore.caltech.edu,/catalogs/114/products/102555,/apparel/caps
caltechstore.caltech.edu,/catalogs/114/products/103460,/apparel/sweatshirts
caltechstore.caltech.edu,/catalogs/114/products/104261,/apparel/sweatshirts
caltechstore.caltech.edu,/catalogs/114/products/104566,/apparel/sweatshirts
caltechstore.caltech.edu,/catalogs/114/products/104567,/apparel/sweatshirts
caltechstore.caltech.edu,/catalogs/114/products/104709,/apparel/sweatshirts
caltechstore.caltech.edu,/catalogs/114/products/105266,/apparel/jackets
caltechstore.caltech.edu,/catalogs/114/products/105273,/apparel/jackets
caltechstore.caltech.edu,/catalogs/114/products/105484,/apparel/jackets
caltechstore.caltech.edu,/catalogs/114/products/105503,/apparel/ladies-clothing
caltechstore.caltech.edu,/catalogs/115,/gifts
caltechstore.caltech.edu,/catalogs/115/products/101313,/apparel/caps
caltechstore.caltech.edu,/catalogs/115/products/101842,/gifts
caltechstore.caltech.edu,/catalogs/116,/gifts
caltechstore.caltech.edu,/catalogs/116/products/102827,/gifts
caltechstore.caltech.edu,/catalogs/116/products/104156,/gifts
caltechstore.caltech.edu,/catalogs/116/products/9022546,/gifts
caltechstore.caltech.edu,/catalogs/116/products/9039592,/gifts
caltechstore.caltech.edu,/catalogs/118,/gifts
caltechstore.caltech.edu,/catalogs/118/products/100127,/gifts
caltechstore.caltech.edu,/catalogs/121,/technology/ipads
caltechstore.caltech.edu,/catalogs/121/products/103580,/technology/apple-care
caltechstore.caltech.edu,/catalogs/121/products/104998,/technology/ipads
caltechstore.caltech.edu,/catalogs/121/products/105146,/technology/ipads
caltechstore.caltech.edu,/catalogs/121/products/105151,/technology/ipads
caltechstore.caltech.edu,/catalogs/121/products/105152,/technology/ipads
caltechstore.caltech.edu,/catalogs/121/products/105163,/technology/ipads
caltechstore.caltech.edu,/catalogs/121/products/105166,/technology/ipads
caltechstore.caltech.edu,/catalogs/121/products/105586,/technology/ipads
caltechstore.caltech.edu,/catalogs/121/products/105867,/technology/ipads
caltechstore.caltech.edu,/catalogs/122,/gifts
caltechstore.caltech.edu,/catalogs/122/products/104681,/gifts
caltechstore.caltech.edu,/catalogs/122/products/9780215123459,/gifts
caltechstore.caltech.edu,/catalogs/122/products/9781594203954,/gifts
caltechstore.caltech.edu,/catalogs/123,/technology/adapters
caltechstore.caltech.edu,/catalogs/123/products/100449,/technology/adapters
caltechstore.caltech.edu,/catalogs/123/products/100517,/technology/adapters
caltechstore.caltech.edu,/catalogs/123/products/101629,/technology/adapters
caltechstore.caltech.edu,/catalogs/123/products/102355,/technology/adapters
caltechstore.caltech.edu,/catalogs/123/products/102431,/technology/adapters
caltechstore.caltech.edu,/catalogs/123/products/102525,/technology/adapters
caltechstore.caltech.edu,/catalogs/123/products/102623,/technology/adapters
caltechstore.caltech.edu,/catalogs/123/products/103297,/technology/adapters
caltechstore.caltech.edu,/catalogs/123/products/104731,/technology/adapters
caltechstore.caltech.edu,/catalogs/123/products/9019929,/technology/adapters
caltechstore.caltech.edu,/catalogs/123/products/9049203,/technology/adapters
caltechstore.caltech.edu,/catalogs/123/products/9056232,/technology/adapters
caltechstore.caltech.edu,/catalogs/123/products/9058918,/technology/adapters
caltechstore.caltech.edu,/catalogs/123/products/9061084,/technology/adapters
caltechstore.caltech.edu,/catalogs/123/products/9061582,/technology/adapters
caltechstore.caltech.edu,/catalogs/123/products/9062275,/technology/adapters
caltechstore.caltech.edu,/catalogs/123/products/9066534,/technology/adapters
caltechstore.caltech.edu,/catalogs/124,/
caltechstore.caltech.edu,/catalogs/125,/gifts/insignia-penpencil
caltechstore.caltech.edu,/catalogs/125/products/100495,/gifts/insignia-penpencil
caltechstore.caltech.edu,/catalogs/125/products/101111,/gifts/insignia-penpencil
caltechstore.caltech.edu,/catalogs/125/products/101825,/gifts/insignia-penpencil
caltechstore.caltech.edu,/catalogs/125/products/102529,/gifts/insignia-penpencil
caltechstore.caltech.edu,/catalogs/125/products/104097,/gifts/insignia-penpencil
caltechstore.caltech.edu,/catalogs/125/products/104152,/gifts/insignia-penpencil
caltechstore.caltech.edu,/catalogs/125/products/104533,/gifts/insignia-penpencil
caltechstore.caltech.edu,/catalogs/125/products/104909,/gifts/insignia-penpencil
caltechstore.caltech.edu,/catalogs/125/products/105272,/gifts/insignia-penpencil
caltechstore.caltech.edu,/catalogs/125/products/9048031,/school-supplies/pens-pencils
caltechstore.caltech.edu,/catalogs/126,/gifts
caltechstore.caltech.edu,/catalogs/126/products/104875,/
caltechstore.caltech.edu,/catalogs/126/products/105008,/
caltechstore.caltech.edu,/catalogs/126/products/105012,/
caltechstore.caltech.edu,/catalogs/126/products/105014,/
caltechstore.caltech.edu,/catalogs/126/products/105015,/gifts
caltechstore.caltech.edu,/catalogs/126/products/105019,/gifts
caltechstore.caltech.edu,/catalogs/127,/gifts
caltechstore.caltech.edu,/catalogs/127/products/105094,/gifts
caltechstore.caltech.edu,/catalogs/128,/technology/usb-storage
caltechstore.caltech.edu,/catalogs/128/products/100139,/gifts
caltechstore.caltech.edu,/catalogs/128/products/100260,/technology/adapters
caltechstore.caltech.edu,/catalogs/128/products/100849,/
caltechstore.caltech.edu,/catalogs/128/products/101527,/technology
caltechstore.caltech.edu,/catalogs/128/products/102431,/technology/adapters
caltechstore.caltech.edu,/catalogs/128/products/102962,/technology
caltechstore.caltech.edu,/catalogs/128/products/103660,/technology
caltechstore.caltech.edu,/catalogs/128/products/103661,/
caltechstore.caltech.edu,/catalogs/128/products/103683,/
caltechstore.caltech.edu,/catalogs/128/products/103789,/
caltechstore.caltech.edu,/catalogs/128/products/104730,/technology
caltechstore.caltech.edu,/catalogs/128/products/104791,/
caltechstore.caltech.edu,/catalogs/128/products/9048857,/
caltechstore.caltech.edu,/catalogs/128/products/9066255,/
caltechstore.caltech.edu,/catalogs/128/products/9067011,/technology
caltechstore.caltech.edu,/catalogs/129,/gift-cards
caltechstore.caltech.edu,/catalogs/129/products/104871,/gift-cards
caltechstore.caltech.edu,/catalogs/130,/gifts/stickers-magnets
caltechstore.caltech.edu,/catalogs/130/products/102578,/
caltechstore.caltech.edu,/catalogs/130/products/104865,/
caltechstore.caltech.edu,/catalogs/130/products/104867,/gifts/stickers-magnets
caltechstore.caltech.edu,/catalogs/130/products/104868,/gifts/stickers-magnets
caltechstore.caltech.edu,/catalogs/130/products/104907,/
caltechstore.caltech.edu,/catalogs/131,/school-supplies/notebooks
caltechstore.caltech.edu,/catalogs/131/products/072512007983,/
caltechstore.caltech.edu,/catalogs/131/products/100163,/
caltechstore.caltech.edu,/catalogs/131/products/103462,/school-supplies
caltechstore.caltech.edu,/catalogs/131/products/104336,/school-supplies
caltechstore.caltech.edu,/catalogs/131/products/104511,/school-supplies
caltechstore.caltech.edu,/catalogs/131/products/9005137,/school-supplies
caltechstore.caltech.edu,/catalogs/131/products/9005372,/school-supplies
caltechstore.caltech.edu,/catalogs/131/products/9009953,/school-supplies/notebooks
caltechstore.caltech.edu,/catalogs/131/products/9046335,/school-supplies/notebooks
caltechstore.caltech.edu,/catalogs/131/products/9049540,/school-supplies/notebooks
caltechstore.caltech.edu,/catalogs/131/products/9057325,/school-supplies/notebooks
caltechstore.caltech.edu,/catalogs/131/products/9057411,/school-supplies/notebooks
caltechstore.caltech.edu,/catalogs/131/products/9057413,/school-supplies/notebooks
caltechstore.caltech.edu,/catalogs/131/products/9057414,/school-supplies/notebooks
caltechstore.caltech.edu,/catalogs/131/products/9057857,/school-supplies/pens-pencils
caltechstore.caltech.edu,/catalogs/132,/gifts/stickers-magnets
caltechstore.caltech.edu,/catalogs/132/products/104014,/gifts/stickers-magnets
caltechstore.caltech.edu,/catalogs/132/products/104015,/gifts/stickers-magnets
caltechstore.caltech.edu,/catalogs/132/products/104458,/gifts/stickers-magnets
caltechstore.caltech.edu,/catalogs/132/products/104462,/gifts/stickers-magnets
caltechstore.caltech.edu,/catalogs/132/products/104464,/gifts/stickers-magnets
caltechstore.caltech.edu,/catalogs/132/products/104466,/gifts/stickers-magnets
caltechstore.caltech.edu,/catalogs/132/products/104770,/gifts/stickers-magnets
caltechstore.caltech.edu,/catalogs/132/products/104771,/gifts/stickers-magnets
caltechstore.caltech.edu,/catalogs/132/products/104865,/gifts/stickers-magnets
caltechstore.caltech.edu,/catalogs/132/products/105072,/gifts/stickers-magnets
caltechstore.caltech.edu,/catalogs/132/products/105297,/gifts/stickers-magnets
caltechstore.caltech.edu,/catalogs/133,/gifts
caltechstore.caltech.edu,/catalogs/133/products/105062,/gifts
caltechstore.caltech.edu,/catalogs/134,/gifts
caltechstore.caltech.edu,/catalogs/134/products/105072,/gifts
caltechstore.caltech.edu,/catalogs/142,/apparel/jackets
caltechstore.caltech.edu,/catalogs/142/products/104722,/apparel/jackets
caltechstore.caltech.edu,/catalogs/142/products/105266,/apparel/jackets
caltechstore.caltech.edu,/catalogs/142/products/105456,/apparel/jackets
caltechstore.caltech.edu,/catalogs/BEST.SELL,/apparel
caltechstore.caltech.edu,/catalogs/NEW.ITEMS,/gifts
caltechstore.caltech.edu,/catalogs/NEW.ITEMS/products/104315,/apparel
caltechstore.caltech.edu,/catalogs/SALE.ITEMS,/
caltechstore.caltech.edu,/contact,/
caltechstore.caltech.edu,/facultyregalia,/
caltechstore.caltech.edu,/hours,/
caltechstore.caltech.edu,/login,/
caltechstore.caltech.edu,/policies,/
caltechstore.caltech.edu,/products/103533,/
caltechstore.caltech.edu,/products/105060,/apparel/sweatshirts
caltechstore.caltech.edu,/register,/
caltechstore.caltech.edu,/search,/search