Category,Image Name,Image Location
Locks,CAT_LOCKS,\\ap01\B2B\Customer\acarha\images\subcats\CAT_LOCKS.jpg
Closers,CAT_CLOSERS,\\ap01\B2B\Customer\acarha\images\subcats\CAT_CLOSERS.jpg
Electronics,CAT_ELECTRONICS,\\ap01\B2B\Customer\acarha\images\subcats\CAT_ELECTRONICS.jpg
Exit Device,CAT_EXITDEVICE,\\ap01\B2B\Customer\acarha\images\subcats\CAT_EXITDEVICE.jpg
Flatgoods,CAT_FLATGOODS,\\ap01\B2B\Customer\acarha\images\subcats\CAT_FLATGOODS.jpg
Parts,CAT_PARTS,\\ap01\B2B\Customer\acarha\images\subcats\CAT_PARTS.jpg
Hinges,CAT_HINGE,\\ap01\B2B\Customer\acarha\images\subcats\CAT_HINGE.jpg
Weatherstripping,CAT_WEATHERSTRIP,\\ap01\B2B\Customer\acarha\images\subcats\CAT_WEATHERSTRIP.jpg
Division 10 Specialties,CAT_WASHROOM,\\ap01\B2B\Customer\acarha\images\subcats\CAT_WASHROOM.jpg
Pivots,CAT_PIVOT,\\ap01\B2B\Customer\acarha\images\subcats\CAT_PIVOT.jpg
Cylinders,CAT_CYLINDERS,\\ap01\B2B\Customer\acarha\images\subcats\CAT_CYLINDERS.jpg
06A Mortise Lever,06A Mortise Lever_s,\\ap01\B2B\Customer\acarha\images\subcat\06A Mortise Lever_s.jpg
07A Mortise Lever,07A Mortise Lever_s,\\ap01\B2B\Customer\acarha\images\subcat\07A Mortise Lever_s.jpg
07L Mortise Lever,SCH158500_l,\\ap01\B2B\Customer\acarha\images\items\SCH158500_l.jpg
10 Line Levers,10 Line Levers_s,\\ap01\B2B\Customer\acarha\images\subcat\10 Line Levers_s.jpg
10G04 Storeroom,10G04 Storeroom_s,\\ap01\B2B\Customer\acarha\images\subcat\10G04 Storeroom_s.jpg
10G05 Entry,10G05 Entry_s,\\ap01\B2B\Customer\acarha\images\subcat\10G05 Entry_s.jpg
10G17 Asylum,10G17 Asylum_s,\\ap01\B2B\Customer\acarha\images\subcat\10G17 Asylum_s.jpg
10G24 Dormitory,10G24 Dormitory_s,\\ap01\B2B\Customer\acarha\images\subcat\10G24 Dormitory_s.jpg
10G37 Classroom,10G37 Classroom_s,\\ap01\B2B\Customer\acarha\images\subcat\10G37 Classroom_s.jpg
10U15 Passage,10U15 Passage_s,\\ap01\B2B\Customer\acarha\images\subcat\10U15 Passage_s.jpg
10U65 Privacy,10U65 Privacy_s,\\ap01\B2B\Customer\acarha\images\subcat\10U65 Privacy_s.jpg
10U93 Single Dummy Trim,10U93 Single Dummy Trim_s,\\ap01\B2B\Customer\acarha\images\subcat\10U93 Single Dummy Trim_s.jpg
10U94 Double Dummy Trim,10U94 Double Dummy Trim_s,\\ap01\B2B\Customer\acarha\images\subcat\10U94 Double Dummy Trim_s.jpg
11 Line Levers,11 Line Levers_s,\\ap01\B2B\Customer\acarha\images\subcat\11 Line Levers_s.jpg
11 Line LL Lever,11 Line LL Lever_s,\\ap01\B2B\Customer\acarha\images\subcat\11 Line LL Lever_s.jpg
11G04 Storeroom,11G04 Storeroom_s,\\ap01\B2B\Customer\acarha\images\subcat\11G04 Storeroom_s.jpg
11G05 Entry,11G05 Entry_s,\\ap01\B2B\Customer\acarha\images\subcat\11G05 Entry_s.jpg
11G17 Asylum,11G17 Asylum_s,\\ap01\B2B\Customer\acarha\images\subcat\11G17 Asylum_s.jpg
11G37 Classroom,11G37 Classroom_s,\\ap01\B2B\Customer\acarha\images\subcat\11G37 Classroom_s.jpg
11U15 Passage,11U15 Passage_s,\\ap01\B2B\Customer\acarha\images\subcat\11U15 Passage_s.jpg
11U65 Privacy,11U65 Privacy_s,\\ap01\B2B\Customer\acarha\images\subcat\11U65 Privacy_s.jpg
15 Mortise Lever,15 Mortise Lever_s,\\ap01\B2B\Customer\acarha\images\subcat\15 Mortise Lever_s.jpg
16 Mortise Lever,16 Mortise Lever_s,\\ap01\B2B\Customer\acarha\images\subcat\16 Mortise Lever_s.jpg
17A Mortise Lever,17A Mortise Lever_s,\\ap01\B2B\Customer\acarha\images\subcat\17A Mortise Lever_s.jpg
2500 Series Levers,2500 Series Levers_s,\\ap01\B2B\Customer\acarha\images\subcat\2500 Series Levers_s.jpg
2510 Passage,2510 Passage_s,\\ap01\B2B\Customer\acarha\images\subcat\2510 Passage_s.jpg
2517 Single Dummy Trim,2517 Single Dummy Trim_s,\\ap01\B2B\Customer\acarha\images\subcat\2517 Single Dummy Trim_s.jpg
2527 Double Dummy Trim,2527 Double Dummy Trim_s,\\ap01\B2B\Customer\acarha\images\subcat\2527 Double Dummy Trim_s.jpg
2540 Privacy,2540 Privacy_s,\\ap01\B2B\Customer\acarha\images\subcat\2540 Privacy_s.jpg
2553 Entry,2553 Entry_s,\\ap01\B2B\Customer\acarha\images\subcat\2553 Entry_s.jpg
2570 Classroom,2570 Classroom_s,\\ap01\B2B\Customer\acarha\images\subcat\2570 Classroom_s.jpg
2580 Storeroom,2580 Storeroom_s,\\ap01\B2B\Customer\acarha\images\subcat\2580 Storeroom_s.jpg
3900 AZD Design,3900 AZD Design_s,\\ap01\B2B\Customer\acarha\images\subcat\3900 AZD Design_s.jpg
3900 NZD Design,3900 NZD Design_s,\\ap01\B2B\Customer\acarha\images\subcat\3900 NZD Design_s.jpg
45H7A Entry,45H7A Entry_s,\\ap01\B2B\Customer\acarha\images\subcat\45H7A Entry_s.jpg
484 Double Deadbolts,484 Double Deadbolts_s,\\ap01\B2B\Customer\acarha\images\subcat\484 Double Deadbolts_s.jpg
485 Single Deadbolts,485 Single Deadbolts_s,\\ap01\B2B\Customer\acarha\images\subcat\485 Single Deadbolts_s.jpg
487 Classroom Deadbolts,487 Classroom Deadbolts_s,\\ap01\B2B\Customer\acarha\images\subcat\487 Classroom Deadbolts_s.jpg
6500 Series Levers,6500 Series Levers_s,\\ap01\B2B\Customer\acarha\images\subcat\6500 Series Levers_s.jpg
65G04 Storeroom,65G04 Storeroom_s,\\ap01\B2B\Customer\acarha\images\subcat\65G04 Storeroom_s.jpg
65G05 Entry,65G05 Entry_s,\\ap01\B2B\Customer\acarha\images\subcat\65G05 Entry_s.jpg
65G37 Classroom,65G37 Classroom_s,\\ap01\B2B\Customer\acarha\images\subcat\65G37 Classroom_s.jpg
65U15 Passage,65U15 Passage_s,\\ap01\B2B\Customer\acarha\images\subcat\65U15 Passage_s.jpg
65U65 Privacy,65U65 Privacy_s,\\ap01\B2B\Customer\acarha\images\subcat\65U65 Privacy_s.jpg
65U93 Single Dummy Trim,65U93 Single Dummy Trim_s,\\ap01\B2B\Customer\acarha\images\subcat\65U93 Single Dummy Trim_s.jpg
65U94 Double Dummy Trim,65U94 Double Dummy Trim_s,\\ap01\B2B\Customer\acarha\images\subcat\65U94 Double Dummy Trim_s.jpg
6K37 Entry,6K37 Entry_s,\\ap01\B2B\Customer\acarha\images\subcat\6K37 Entry_s.jpg
7KC30L Privacy,7KC30L Privacy_s,\\ap01\B2B\Customer\acarha\images\subcat\7KC30L Privacy_s.jpg
7KC30N Passage,7KC30N Passage_s,\\ap01\B2B\Customer\acarha\images\subcat\7KC30N Passage_s.jpg
7KC37AB Entry,7KC37AB Entry_s,\\ap01\B2B\Customer\acarha\images\subcat\7KC37AB Entry_s.jpg
7KC37D Storeroom,7KC37D Storeroom_s,\\ap01\B2B\Customer\acarha\images\subcat\7KC37D Storeroom_s.jpg
8204 Storeroom,8204 Storeroom_s,\\ap01\B2B\Customer\acarha\images\subcat\8204 Storeroom_s.jpg
8205 Entry,8205 Entry_s,\\ap01\B2B\Customer\acarha\images\subcat\8205 Entry_s.jpg
8215 Passage,8215 Passage_s,\\ap01\B2B\Customer\acarha\images\subcat\8215 Passage_s.jpg
8225 and 8245 Dormitory,8225 and 8245 Dormitory_s,\\ap01\B2B\Customer\acarha\images\subcat\8225 and 8245 Dormitory_s.jpg
8225 Dormitory,8225 Dormitory_s,\\ap01\B2B\Customer\acarha\images\subcat\8225 Dormitory_s.jpg
8237 Classroom,8237 Classroom_s,\\ap01\B2B\Customer\acarha\images\subcat\8237 Classroom_s.jpg
8255 Entry,8255 Entry_s,\\ap01\B2B\Customer\acarha\images\subcat\8255 Entry_s.jpg
8265 Privacy,8265 Privacy_s,\\ap01\B2B\Customer\acarha\images\subcat\8265 Privacy_s.jpg
8293 Single Dummy Trim,8293 Single Dummy Trim_s,\\ap01\B2B\Customer\acarha\images\subcat\8293 Single Dummy Trim_s.jpg
8294 Double Dummy Trim,8294 Double Dummy Trim_s,\\ap01\B2B\Customer\acarha\images\subcat\8294 Double Dummy Trim_s.jpg
8K37AB Entry,8K37AB Entry_s,\\ap01\B2B\Customer\acarha\images\subcat\8K37AB Entry_s.jpg
8K37D Storeroom,8K37D Storeroom_s,\\ap01\B2B\Customer\acarha\images\subcat\8K37D Storeroom_s.jpg
8T37K Single Deadbolts,8T37K Single Deadbolts_s,\\ap01\B2B\Customer\acarha\images\subcat\8T37K Single Deadbolts_s.jpg
8T37M Double Deadbolts,8T37M Double Deadbolts_s,\\ap01\B2B\Customer\acarha\images\subcat\8T37M Double Deadbolts_s.jpg
93A Mortise Lever,93A Mortise Lever_s,\\ap01\B2B\Customer\acarha\images\subcat\93A Mortise Lever_s.jpg
9K30L Privacy,9K30L Privacy_s,\\ap01\B2B\Customer\acarha\images\subcat\9K30L Privacy_s.jpg
9K30N Passage,9K30N Passage_s,\\ap01\B2B\Customer\acarha\images\subcat\9K30N Passage_s.jpg
9K37AB Entry,9K37AB Entry_s,\\ap01\B2B\Customer\acarha\images\subcat\9K37AB Entry_s.jpg
9K37D Storeroom,9K37D Storeroom_s,\\ap01\B2B\Customer\acarha\images\subcat\9K37D Storeroom_s.jpg
9K37R Classroom,9K37R Classroom_s,\\ap01\B2B\Customer\acarha\images\subcat\9K37R Classroom_s.jpg
ABH Pivots,ABH Pivots_s,\\ap01\B2B\Customer\acarha\images\subcat\ABH Pivots_s.jpg
Adams Rite Rim Exit Device,Adams Rite Rim Exit Device_s,\\ap01\B2B\Customer\acarha\images\subcat\Adams Rite Rim Exit Device_s.jpg
Adapter Plate,Adapter Plate_s,\\ap01\B2B\Customer\acarha\images\subcat\Adapter Plate_s.jpg
AL Series Lever,AL Series Lever_s,\\ap01\B2B\Customer\acarha\images\subcat\AL Series Lever_s.jpg
AL10S Passage,AL10S Passage_s,\\ap01\B2B\Customer\acarha\images\subcat\AL10S Passage_s.jpg
AL170 Single Dummy Trim,AL170 Single Dummy Trim_s,\\ap01\B2B\Customer\acarha\images\subcat\AL170 Single Dummy Trim_s.jpg
AL40S Privacy,AL40S Privacy_s,\\ap01\B2B\Customer\acarha\images\subcat\AL40S Privacy_s.jpg
AL53PD Entry,AL53PD Entry_s,\\ap01\B2B\Customer\acarha\images\subcat\AL53PD Entry_s.jpg
AL70PD Classroom,AL70PD Classroom_s,\\ap01\B2B\Customer\acarha\images\subcat\AL70PD Classroom_s.jpg
AL80PD Storeroom,AL80PD Storeroom_s,\\ap01\B2B\Customer\acarha\images\subcat\AL80PD Storeroom_s.jpg
Alarmlock Exit Alarm,Alarmlock Exit Alarm_s,\\ap01\B2B\Customer\acarha\images\subcat\Alarmlock Exit Alarm_s.jpg
Alarmlock Magnet,Alarmlock Magnet_s,\\ap01\B2B\Customer\acarha\images\subcat\Alarmlock Magnet_s.jpg
american padlocks,american padlocks_s,\\ap01\B2B\Customer\acarha\images\subcat\american padlocks_s.jpg
Astragal,Astragal_s,\\ap01\B2B\Customer\acarha\images\subcat\Astragal_s.jpg
AT Design,AT Design_s,\\ap01\B2B\Customer\acarha\images\subcat\AT Design_s.jpg
Athens Lever,Athens Lever_s,\\ap01\B2B\Customer\acarha\images\subcat\Athens Lever_s.jpg
Automatic Flushbolt,Automatic Flushbolt_s,\\ap01\B2B\Customer\acarha\images\subcat\Automatic Flushbolt_s.jpg
AZD Design,AZD Design_s,\\ap01\B2B\Customer\acarha\images\subcat\AZD Design_s.jpg
B Series Cylindrical Lever,B Series Cylindrical Lever_s,\\ap01\B2B\Customer\acarha\images\subcat\B Series Cylindrical Lever_s.jpg
B Series Dane Lever,B Series Dane Lever_s,\\ap01\B2B\Customer\acarha\images\subcat\B Series Dane Lever_s.jpg
B Series Quantum Lever,B Series Quantum Lever_s,\\ap01\B2B\Customer\acarha\images\subcat\B Series Quantum Lever_s.jpg
B101 Passage,B101 Passage_s,\\ap01\B2B\Customer\acarha\images\subcat\B101 Passage_s.jpg
B301 Privacy,B301 Privacy_s,\\ap01\B2B\Customer\acarha\images\subcat\B301 Privacy_s.jpg
B511 Entry,B511 Entry_s,\\ap01\B2B\Customer\acarha\images\subcat\B511 Entry_s.jpg
B561 Classroom,B561 Classroom_s,\\ap01\B2B\Customer\acarha\images\subcat\B561 Classroom_s.jpg
B581 Storeroom,B581 Storeroom_s,\\ap01\B2B\Customer\acarha\images\subcat\B581 Storeroom_s.jpg
Best 45H7A Entry,Best 45H7A Entry_s,\\ap01\B2B\Customer\acarha\images\subcat\Best 45H7A Entry_s.jpg
Best 45H7D Storeroom,Best 45H7D Storeroom_s,\\ap01\B2B\Customer\acarha\images\subcat\Best 45H7D Storeroom_s.jpg
Best 45H7R Classroom,Best 45H7R Classroom_s,\\ap01\B2B\Customer\acarha\images\subcat\Best 45H7R Classroom_s.jpg
Best 45HOL Privacy,Best 45HOL Privacy_s,\\ap01\B2B\Customer\acarha\images\subcat\Best 45HOL Privacy_s.jpg
Best 45HON Passage,Best 45HON Passage_s,\\ap01\B2B\Customer\acarha\images\subcat\Best 45HON Passage_s.jpg
Best Cabinet Locks,Best Cabinet Locks_s,\\ap01\B2B\Customer\acarha\images\subcat\Best Cabinet Locks_s.jpg
Best Cylindrical Knob 6K,Best Cylindrical Knob 6K_s,\\ap01\B2B\Customer\acarha\images\subcat\Best Cylindrical Knob 6K_s.jpg
Best Cylindrical Knob 8K,Best Cylindrical Knob 8K_s,\\ap01\B2B\Customer\acarha\images\subcat\Best Cylindrical Knob 8K_s.jpg
Best Cylindrical Lever 7K,Best Cylindrical Lever 7K_s,\\ap01\B2B\Customer\acarha\images\subcat\Best Cylindrical Lever 7K_s.jpg
Best Cylindrical Lever 9K,Best Cylindrical Lever 9K_s,\\ap01\B2B\Customer\acarha\images\subcat\Best Cylindrical Lever 9K_s.jpg
Best Cylindrical Levers and Knobs,Best Cylindrical Levers and Knobs_s,\\ap01\B2B\Customer\acarha\images\subcat\Best Cylindrical Levers and Knobs_s.jpg
Best Deadbolts,Best Deadbolts_s,\\ap01\B2B\Customer\acarha\images\subcat\Best Deadbolts_s.jpg
Best IC core,Best IC core_s,\\ap01\B2B\Customer\acarha\images\subcat\Best IC core_s.jpg
Best IC Cylinder Housings,Best IC Cylinder Housings_s,\\ap01\B2B\Customer\acarha\images\subcat\Best IC Cylinder Housings_s.jpg
Best Key Blanks,Best Key Blanks_s,\\ap01\B2B\Customer\acarha\images\subcat\Best Key Blanks_s.jpg
best mortise lever,best mortise lever_s,\\ap01\B2B\Customer\acarha\images\subcat\best mortise lever_s.jpg
best padlocks,best padlocks_s,\\ap01\B2B\Customer\acarha\images\subcat\best padlocks_s.jpg
best pins,best pins_s,\\ap01\B2B\Customer\acarha\images\subcat\best pins_s.jpg
cabinet locks,cabinet locks_s,\\ap01\B2B\Customer\acarha\images\subcat\cabinet locks_s.jpg
Cal-Royal Closer,Cal-Royal Closer_s,\\ap01\B2B\Customer\acarha\images\subcat\Cal-Royal Closer_s.jpg
Cal-Royal Cylindrical Lever,Cal-Royal Cylindrical Lever_s,\\ap01\B2B\Customer\acarha\images\subcat\Cal-Royal Cylindrical Lever_s.jpg
Cal-Royal Exit Device Trim,Cal-Royal Exit Device Trim_s,\\ap01\B2B\Customer\acarha\images\subcat\Cal-Royal Exit Device Trim_s.jpg
Cal-Royal Heavy Duty Clsoer,Cal-Royal Heavy Duty Clsoer_s,\\ap01\B2B\Customer\acarha\images\subcat\Cal-Royal Heavy Duty Clsoer_s.jpg
Cal-Royal Rim Exit Device,Cal-Royal Rim Exit Device_s,\\ap01\B2B\Customer\acarha\images\subcat\Cal-Royal Rim Exit Device_s.jpg
Cal-Royal Surface Vertical Rod Exit Device,Cal-Royal Surface Vertical Rod Exit Device_s,\\ap01\B2B\Customer\acarha\images\subcat\Cal-Royal Surface Vertical Rod Exit Device_s.jpg
CAT-00 Entry,CAT-00 Entry_s,\\ap01\B2B\Customer\acarha\images\subcat\CAT-00 Entry_s.jpg
CAT-03 Classroom,CAT-03 Classroom_s,\\ap01\B2B\Customer\acarha\images\subcat\CAT-03 Classroom_s.jpg
CAT-05 Storeroom,CAT-05 Storeroom_s,\\ap01\B2B\Customer\acarha\images\subcat\CAT-05 Storeroom_s.jpg
CAT-20 Privacy,CAT-20 Privacy_s,\\ap01\B2B\Customer\acarha\images\subcat\CAT-20 Privacy_s.jpg
CAT-30 Passage,CAT-30 Passage_s,\\ap01\B2B\Customer\acarha\images\subcat\CAT-30 Passage_s.jpg
CAT-40 Single Dummy Lever,CAT-40 Single Dummy Lever_s,\\ap01\B2B\Customer\acarha\images\subcat\CAT-40 Single Dummy Lever_s.jpg
CGN-00 Entry,CGN-00 Entry_s,\\ap01\B2B\Customer\acarha\images\subcat\CGN-00 Entry_s.jpg
CGN-03 Classroom,CGN-03 Classroom_s,\\ap01\B2B\Customer\acarha\images\subcat\CGN-03 Classroom_s.jpg
CGN-05 Storeroom,CGN-05 Storeroom_s,\\ap01\B2B\Customer\acarha\images\subcat\CGN-05 Storeroom_s.jpg
CGN-20 Privacy,CGN-20 Privacy_s,\\ap01\B2B\Customer\acarha\images\subcat\CGN-20 Privacy_s.jpg
CGN-30 Passage,CGN-30 Passage_s,\\ap01\B2B\Customer\acarha\images\subcat\CGN-30 Passage_s.jpg
CGN-40 Single Dummy Lever,CGN-40 Single Dummy Lever_s,\\ap01\B2B\Customer\acarha\images\subcat\CGN-40 Single Dummy Lever_s.jpg
Chicago Key Blanks,Chicago Key Blanks_s,\\ap01\B2B\Customer\acarha\images\subcat\Chicago Key Blanks_s.jpg
CL 700 Series,CL 700 Series_s,\\ap01\B2B\Customer\acarha\images\subcat\CL 700 Series_s.jpg
CL3300 Series,CL3300 Series_s,\\ap01\B2B\Customer\acarha\images\subcat\CL3300 Series_s.jpg
CL3310 Passage,CL3310 Passage_s,\\ap01\B2B\Customer\acarha\images\subcat\CL3310 Passage_s.jpg
CL3320 Privacy,CL3320 Privacy_s,\\ap01\B2B\Customer\acarha\images\subcat\CL3320 Privacy_s.jpg
CL3350 Half Dummy Trim,CL3350 Half Dummy Trim_s,\\ap01\B2B\Customer\acarha\images\subcat\CL3350 Half Dummy Trim_s.jpg
CL3351 Entrance,CL3351 Entrance_s,\\ap01\B2B\Customer\acarha\images\subcat\CL3351 Entrance_s.jpg
CL3355 Classroom,CL3355 Classroom_s,\\ap01\B2B\Customer\acarha\images\subcat\CL3355 Classroom_s.jpg
CL3357 Storeroom,CL3357 Storeroom_s,\\ap01\B2B\Customer\acarha\images\subcat\CL3357 Storeroom_s.jpg
CL3370 Full Dummy Trim,CL3370 Full Dummy Trim_s,\\ap01\B2B\Customer\acarha\images\subcat\CL3370 Full Dummy Trim_s.jpg
CL3900 Series,CL3900 Series_s,\\ap01\B2B\Customer\acarha\images\subcat\CL3900 Series_s.jpg
CL3910 Passage,CL3910 Passage_s,\\ap01\B2B\Customer\acarha\images\subcat\CL3910 Passage_s.jpg
CL3920 Privacy,CL3920 Privacy_s,\\ap01\B2B\Customer\acarha\images\subcat\CL3920 Privacy_s.jpg
CL3950 Half Dummy Trim,CL3950 Half Dummy Trim_s,\\ap01\B2B\Customer\acarha\images\subcat\CL3950 Half Dummy Trim_s.jpg
CL3951 Entrance,CL3951 Entrance_s,\\ap01\B2B\Customer\acarha\images\subcat\CL3951 Entrance_s.jpg
CL3955 Classroom,CL3955 Classroom_s,\\ap01\B2B\Customer\acarha\images\subcat\CL3955 Classroom_s.jpg
CL3957 Storeroom,CL3957 Storeroom_s,\\ap01\B2B\Customer\acarha\images\subcat\CL3957 Storeroom_s.jpg
CL701 Single Dummy Trim,CL701 Single Dummy Trim_s,\\ap01\B2B\Customer\acarha\images\subcat\CL701 Single Dummy Trim_s.jpg
CL710 Passage,CL710 Passage_s,\\ap01\B2B\Customer\acarha\images\subcat\CL710 Passage_s.jpg
CL740 Privacy,CL740 Privacy_s,\\ap01\B2B\Customer\acarha\images\subcat\CL740 Privacy_s.jpg
CL753 Entry,CL753 Entry_s,\\ap01\B2B\Customer\acarha\images\subcat\CL753 Entry_s.jpg
CL770 Classroom,CL770 Classroom_s,\\ap01\B2B\Customer\acarha\images\subcat\CL770 Classroom_s.jpg
CL780 Storeroom,CL780 Storeroom_s,\\ap01\B2B\Customer\acarha\images\subcat\CL780 Storeroom_s.jpg
Floor Closer,CLFLCL_s,\\ap01\B2B\Customer\acarha\images\subcat\CLFLCL_s.jpg
Floor Closer Body Only,CLFLCLBO_s,\\ap01\B2B\Customer\acarha\images\subcat\CLFLCLBO_s.jpg
Complete Floor Closer,CLFLCLCOM_s,\\ap01\B2B\Customer\acarha\images\subcat\CLFLCLCOM_s.jpg
Heavy Duty Surface Closer,CLHDSC_s,\\ap01\B2B\Customer\acarha\images\subcat\CLHDSC_s.jpg
Medium Duty Surface Closer,CLMDSC_s,\\ap01\B2B\Customer\acarha\images\subcat\CLMDSC_s.jpg
Overhead Concealed Closer,CLOHCC_s,\\ap01\B2B\Customer\acarha\images\subcat\CLOHCC_s.jpg
Coat Hooks,Coat Hooks_s,\\ap01\B2B\Customer\acarha\images\subcat\Coat Hooks_s.jpg
Continuous Hinge,Continuous Hinge_s,\\ap01\B2B\Customer\acarha\images\subcat\Continuous Hinge_s.jpg
Corbin Closer,Corbin Closer_s,\\ap01\B2B\Customer\acarha\images\subcat\Corbin Closer_s.jpg
Corbin Cylindrical Cylinders,Corbin Cylindrical Cylinder_s,\\ap01\B2B\Customer\acarha\images\subcat\Corbin Cylindrical Cylinder_s.jpg
Corbin Cylindrical Lever,Corbin Cylindrical Lever_s,\\ap01\B2B\Customer\acarha\images\subcat\Corbin Cylindrical Lever_s.jpg
Corbin EL Mortise Lock,Corbin EL Mortise Lock_s,\\ap01\B2B\Customer\acarha\images\subcat\Corbin EL Mortise Lock_s.jpg
Corbin Exit Device Trim,Corbin Exit Device Trim_s,\\ap01\B2B\Customer\acarha\images\subcat\Corbin Exit Device Trim_s.jpg
Corbin Heavy Duty Closer,Corbin Heavy Duty Closer_s,\\ap01\B2B\Customer\acarha\images\subcat\Corbin Heavy Duty Closer_s.jpg
Corbin IC core,Corbin IC core_s,\\ap01\B2B\Customer\acarha\images\subcat\Corbin IC core_s.jpg
Corbin IC Cylinder Housings,Corbin IC Cylinder Housings_s,\\ap01\B2B\Customer\acarha\images\subcat\Corbin IC Cylinder Housings_s.jpg
Corbin Key Blanks,Corbin Key Blanks_s,\\ap01\B2B\Customer\acarha\images\subcat\Corbin Key Blanks_s.jpg
Corbin Mortise Cylinders,Corbin Mortise Cylinders_s,\\ap01\B2B\Customer\acarha\images\subcat\Corbin Mortise Cylinders_s.jpg
Corbin Mortise Lever,Corbin Mortise Lever_s,\\ap01\B2B\Customer\acarha\images\subcat\Corbin Mortise Lever_s.jpg
corbin pins,corbin pins_s,\\ap01\B2B\Customer\acarha\images\subcat\corbin pins_s.jpg
Corbin Rim Cylinders,Corbin Rim Cylinders_s,\\ap01\B2B\Customer\acarha\images\subcat\Corbin Rim Cylinders_s.jpg
Corbin Rim Exit Device,Corbin Rim Exit Device_s,\\ap01\B2B\Customer\acarha\images\subcat\Corbin Rim Exit Device_s.jpg
CSA Mortise Lever,CSA Mortise Lever_s,\\ap01\B2B\Customer\acarha\images\subcat\CSA Mortise Lever_s.jpg
Current Transfer,Current Transfer_s,\\ap01\B2B\Customer\acarha\images\subcat\Current Transfer_s.jpg
Cylindrical cylinders,cylindrical cylinders_s,\\ap01\B2B\Customer\acarha\images\subcat\cylindrical cylinders_s.jpg
Cylindrical Leverset and Cylindrical Knob,Cylindrical Leverset and Cylindrical Knob_s,\\ap01\B2B\Customer\acarha\images\subcat\Cylindrical Leverset and Cylindrical Knob_s.jpg
Deadbolt,deadbolt_s,\\ap01\B2B\Customer\acarha\images\subcat\deadbolt_s.jpg
Detex Exit Alarm,Detex Exit Alarm_s,\\ap01\B2B\Customer\acarha\images\subcat\Detex Exit Alarm_s.jpg
DL2700,DL2700_s,\\ap01\B2B\Customer\acarha\images\subcat\DL2700_s.jpg
Don Jo Dust Proof Strike,Don Jo Dust Proof Strike_s,\\ap01\B2B\Customer\acarha\images\subcat\Don Jo Dust Proof Strike_s.jpg
Don Jo Filler Plate,Don Jo Filler Plate_s,\\ap01\B2B\Customer\acarha\images\subcat\Don Jo Filler Plate_s.jpg
Don Jo Latch Guards,Don Jo Latch Guards_s,\\ap01\B2B\Customer\acarha\images\subcat\Don Jo Latch Guards_s.jpg
Don Jo Signs,Don Jo Signs_s,\\ap01\B2B\Customer\acarha\images\subcat\Don Jo Signs_s.jpg
Don Jo Wrap Around,Don Jo Wrap Around_s,\\ap01\B2B\Customer\acarha\images\subcat\Don Jo Wrap Around_s.jpg
Door Bottom,Door Bottom_s,\\ap01\B2B\Customer\acarha\images\subcat\Door Bottom_s.jpg
Door Scope,Door Scope_s,\\ap01\B2B\Customer\acarha\images\subcat\Door Scope_s.jpg
Door viewer,Door viewer_s,\\ap01\B2B\Customer\acarha\images\subcat\Door viewer_s.jpg
Dor O Matic Rim Exit Device,Dor O Matic Rim Exit Device_s,\\ap01\B2B\Customer\acarha\images\subcat\Dor O Matic Rim Exit Device_s.jpg
Dorma,Dorma_s,\\ap01\B2B\Customer\acarha\images\subcat\Dorma_s.jpg
Dorma Closer,Dorma Closer_s,\\ap01\B2B\Customer\acarha\images\subcat\Dorma Closer_s.jpg
Dorma Cylindrical Lever,Dorma Cylindrical Lever_s,\\ap01\B2B\Customer\acarha\images\subcat\Dorma Cylindrical Lever_s.jpg
Dorma Pivots,Dorma Pivots_s,\\ap01\B2B\Customer\acarha\images\subcat\Dorma Pivots_s.jpg
Doromatic,Doromatic_s,\\ap01\B2B\Customer\acarha\images\subcat\Doromatic_s.jpg
Doromatic Closer,Doromatic Closer_s,\\ap01\B2B\Customer\acarha\images\subcat\Doromatic Closer_s.jpg
Drip Cap,Drip Cap_s,\\ap01\B2B\Customer\acarha\images\subcat\Drip Cap_s.jpg
Dust Proof Strikes,Dust Proof Strikes_s,\\ap01\B2B\Customer\acarha\images\subcat\Dust Proof Strikes_s.jpg
Dutch Door Bolts,Dutch Door Bolts_s,\\ap01\B2B\Customer\acarha\images\subcat\Dutch Door Bolts_s.jpg
Edge Pull,Edge Pull_s,\\ap01\B2B\Customer\acarha\images\subcat\Edge Pull_s.jpg
Electronic Door Operator,ELDOOROP_s,\\ap01\B2B\Customer\acarha\images\subcat\ELDOOROP_s.jpg
Electric Strike,Electric Strike_s,\\ap01\B2B\Customer\acarha\images\subcat\Electric Strike_s.jpg
Electrical Accessories,Electrical Accessories_s,\\ap01\B2B\Customer\acarha\images\subcat\Electrical Accessories_s.jpg
Electromagnetic Door Release,Electromagnetic Door Release_s,\\ap01\B2B\Customer\acarha\images\subcat\Electromagnetic Door Release_s.jpg
Electro-Mechanical,Electro-Mechanical_s,\\ap01\B2B\Customer\acarha\images\subcat\Electro-Mechanical_s.jpg
Electronic Access Control,Electronic Access Control_s,\\ap01\B2B\Customer\acarha\images\subcat\Electronic Access Control_s.jpg
Electronic Exit Device,Electronic Exit Device_s,\\ap01\B2B\Customer\acarha\images\subcat\Electronic Exit Device_s.jpg
Electronic Keyless Entry,Electronic Keyless Entry_s,\\ap01\B2B\Customer\acarha\images\subcat\Electronic Keyless Entry_s.jpg
Electronic Lockset,Electronic Lockset_s,\\ap01\B2B\Customer\acarha\images\subcat\Electronic Lockset_s.jpg
Electronic Mortise Lock,Electronic Mortise Lock_s,\\ap01\B2B\Customer\acarha\images\subcat\Electronic Mortise Lock_s.jpg
Electronic Power Supply,Electronic Power Supply_s,\\ap01\B2B\Customer\acarha\images\subcat\Electronic Power Supply_s.jpg
Electronic Push Button Switch,Electronic Push Button Switch_s,\\ap01\B2B\Customer\acarha\images\subcat\Electronic Push Button Switch_s.jpg
Electronic Switch,Electronic Switch_s,\\ap01\B2B\Customer\acarha\images\subcat\Electronic Switch_s.jpg
Entry Pull,Entry Pull_s,\\ap01\B2B\Customer\acarha\images\subcat\Entry Pull_s.jpg
Exit Alarm,Exit Alarm_s,\\ap01\B2B\Customer\acarha\images\subcat\Exit Alarm_s.jpg
Exit Device Trim,Exit Device Trim_s,\\ap01\B2B\Customer\acarha\images\subcat\Exit Device Trim_s.jpg
Falcon Cylindrical Lever,Falcon Cylindrical Lever_s,\\ap01\B2B\Customer\acarha\images\subcat\Falcon Cylindrical Lever_s.jpg
Falcon IC Core,Falcon IC Core_s,\\ap01\B2B\Customer\acarha\images\subcat\Falcon IC Core_s.jpg
Falcon Key Blanks,Falcon Key Blanks_s,\\ap01\B2B\Customer\acarha\images\subcat\Falcon Key Blanks_s.jpg
Filler Plate,Filler Plate_s,\\ap01\B2B\Customer\acarha\images\subcat\Filler Plate_s.jpg
Five Knuckle Bearing Hinge,Five Knuckle Bearing Hinge_s,\\ap01\B2B\Customer\acarha\images\subcat\Five Knuckle Bearing Hinge_s.jpg
Five Knuckle Hinge,Five Knuckle Hinge_s,\\ap01\B2B\Customer\acarha\images\subcat\Five Knuckle Hinge_s.jpg
Floor Stop,Floor Stop_s,\\ap01\B2B\Customer\acarha\images\subcat\Floor Stop_s.jpg
Flush Pull,Flush Pull_s,\\ap01\B2B\Customer\acarha\images\subcat\Flush Pull_s.jpg
Flushbolts,Flushbolts_s,\\ap01\B2B\Customer\acarha\images\subcat\Flushbolts_s.jpg
Folger Adams Electric Strikes,Folger Adams Electric Strikes_s,\\ap01\B2B\Customer\acarha\images\subcat\Folger Adams Electric Strikes_s.jpg
Genesys Series Grade 1,Genesys Series Grade 1_s,\\ap01\B2B\Customer\acarha\images\subcat\Genesys Series Grade 1_s.jpg
global pivots,global pivots_s,\\ap01\B2B\Customer\acarha\images\subcat\global pivots_s.jpg
GMS IC cylinder housings,GMS IC cylinder housings_s,\\ap01\B2B\Customer\acarha\images\subcat\GMS IC cylinder housings_s.jpg
GMS Mortise Cylinders,GMS Mortise Cylinders_s,\\ap01\B2B\Customer\acarha\images\subcat\GMS Mortise Cylinders_s.jpg
GMS Rim Cylinders,GMS Rim Cylinders_s,\\ap01\B2B\Customer\acarha\images\subcat\GMS Rim Cylinders_s.jpg
GN Design,GN Design_s,\\ap01\B2B\Customer\acarha\images\subcat\GN Design_s.jpg
Grab Bar,Grab Bar_s,\\ap01\B2B\Customer\acarha\images\subcat\Grab Bar_s.jpg
hager cylindrical lever,hager cylindrical lever_s,\\ap01\B2B\Customer\acarha\images\subcat\hager cylindrical lever_s.jpg
hager exit device trim,hager exit device trim_s,\\ap01\B2B\Customer\acarha\images\subcat\hager exit device trim_s.jpg
Hager Floor Stop,Hager Floor Stop_s,\\ap01\B2B\Customer\acarha\images\subcat\Hager Floor Stop_s.jpg
Hager Heavy Duty Closer,Hager Heavy Duty Closer_s,\\ap01\B2B\Customer\acarha\images\subcat\Hager Heavy Duty Closer_s.jpg
Hager Manual Flushbolts,Hager Manual Flushbolts_s,\\ap01\B2B\Customer\acarha\images\subcat\Hager Manual Flushbolts_s.jpg
Hager Medium Duty Closer,Hager Medium Duty Closer_s,\\ap01\B2B\Customer\acarha\images\subcat\Hager Medium Duty Closer_s.jpg
Hager Mullion,Hager Mullion_s,\\ap01\B2B\Customer\acarha\images\subcat\Hager Mullion_s.jpg
hager pivots,hager pivots_s,\\ap01\B2B\Customer\acarha\images\subcat\hager pivots_s.jpg
hager rim exit device,hager rim exit device_s,\\ap01\B2B\Customer\acarha\images\subcat\hager rim exit device_s.jpg
Hager Signs,Hager Signs_s,\\ap01\B2B\Customer\acarha\images\subcat\Hager Signs_s.jpg
hager surface vertical rod exit device,hager surface vertical rod exit device_s,\\ap01\B2B\Customer\acarha\images\subcat\hager surface vertical rod exit device_s.jpg
Hager Wall Stop,Hager Wall Stop_s,\\ap01\B2B\Customer\acarha\images\subcat\Hager Wall Stop_s.jpg
Hand Dryer,Hand Dryer_s,\\ap01\B2B\Customer\acarha\images\subcat\Hand Dryer_s.jpg
Hes Electric Strikes,Hes Electric Strikes_s,\\ap01\B2B\Customer\acarha\images\subcat\Hes Electric Strikes_s.jpg
IC cylinder housings,IC cylinder housings_s,\\ap01\B2B\Customer\acarha\images\subcat\IC cylinder housings_s.jpg
IEI,IEI_s,\\ap01\B2B\Customer\acarha\images\subcat\IEI_s.jpg
Ilco Deadbolts,Ilco Deadbolts_s,\\ap01\B2B\Customer\acarha\images\subcat\Ilco Deadbolts_s.jpg
Ilco Key Blanks,Ilco Key Blanks_s,\\ap01\B2B\Customer\acarha\images\subcat\Ilco Key Blanks_s.jpg
Illinois Key Blanks,Illinois Key Blanks_s,\\ap01\B2B\Customer\acarha\images\subcat\Illinois Key Blanks_s.jpg
International Pivots,International Pivots_s,\\ap01\B2B\Customer\acarha\images\subcat\International Pivots_s.jpg
Ives Auto Flushbolts,Ives Auto Flushbolts_s,\\ap01\B2B\Customer\acarha\images\subcat\Ives Auto Flushbolts_s.jpg
Ives Coat Hooks,Ives Coat Hooks_s,\\ap01\B2B\Customer\acarha\images\subcat\Ives Coat Hooks_s.jpg
Ives Door Viewer,Ives Door Viewer_s,\\ap01\B2B\Customer\acarha\images\subcat\Ives Door Viewer_s.jpg
Ives Dust Proof Strikes,Ives Dust Proof Strikes_s,\\ap01\B2B\Customer\acarha\images\subcat\Ives Dust Proof Strikes_s.jpg
Ives Edge Pull,Ives Edge Pull_s,\\ap01\B2B\Customer\acarha\images\subcat\Ives Edge Pull_s.jpg
Ives Floor Stop,Ives Floor Stop_s,\\ap01\B2B\Customer\acarha\images\subcat\Ives Floor Stop_s.jpg
Ives Latch Guards,Ives Latch Guards_s,\\ap01\B2B\Customer\acarha\images\subcat\Ives Latch Guards_s.jpg
Ives Manual Flushbolts,Ives Manual Flushbolts_s,\\ap01\B2B\Customer\acarha\images\subcat\Ives Manual Flushbolts_s.jpg
Ives Pull Plate,Ives Pull Plate_s,\\ap01\B2B\Customer\acarha\images\subcat\Ives Pull Plate_s.jpg
Ives Roller Latch,Ives Roller Latch_s,\\ap01\B2B\Customer\acarha\images\subcat\Ives Roller Latch_s.jpg
Ives Wall Stop,Ives Wall Stop_s,\\ap01\B2B\Customer\acarha\images\subcat\Ives Wall Stop_s.jpg
Jackson Pivots,Jackson Pivots_s,\\ap01\B2B\Customer\acarha\images\subcat\Jackson Pivots_s.jpg
Jackson Rim Exit Device,Jackson Rim Exit Device_s,\\ap01\B2B\Customer\acarha\images\subcat\Jackson Rim Exit Device_s.jpg
Jet Key Blanks,Jet Key Blanks_s,\\ap01\B2B\Customer\acarha\images\subcat\Jet Key Blanks_s.jpg
Jupiter Lever,Jupiter Lever_s,\\ap01\B2B\Customer\acarha\images\subcat\Jupiter Lever_s.jpg
Key Blanks,Key Blanks_s,\\ap01\B2B\Customer\acarha\images\subcat\Key Blanks_s.jpg
Keyless Entry,Keyless Entry_s,\\ap01\B2B\Customer\acarha\images\subcat\Keyless Entry_s.jpg
Kick Plate,Kick Plate_s,\\ap01\B2B\Customer\acarha\images\subcat\Kick Plate_s.jpg
Kickdown Door Holder,Kickdown Door Holder_s,\\ap01\B2B\Customer\acarha\images\subcat\Kickdown Door Holder_s.jpg
Knob Keyless Entry,Knob Keyless Entry_s,\\ap01\B2B\Customer\acarha\images\subcat\Knob Keyless Entry_s.jpg
KP Series,KP Series_s,\\ap01\B2B\Customer\acarha\images\subcat\KP Series_s.jpg
L0170 Single Dummy Trim,L0170 Single Dummy Trim_s,\\ap01\B2B\Customer\acarha\images\subcat\L0170 Single Dummy Trim_s.jpg
L0172 Double Dummy Trim,L0172 Double Dummy Trim_s,\\ap01\B2B\Customer\acarha\images\subcat\L0172 Double Dummy Trim_s.jpg
L9010 Passage,L9010 Passage_s,\\ap01\B2B\Customer\acarha\images\subcat\L9010 Passage_s.jpg
L9040 Privacy,L9040 Privacy_s,\\ap01\B2B\Customer\acarha\images\subcat\L9040 Privacy_s.jpg
L9050P Entry,L9050P Entry_s,\\ap01\B2B\Customer\acarha\images\subcat\L9050P Entry_s.jpg
L9080P Storeroom,L9080P Storeroom_s,\\ap01\B2B\Customer\acarha\images\subcat\L9080P Storeroom_s.jpg
Lab Pins and Kits,Lab Pins and Kits_s,\\ap01\B2B\Customer\acarha\images\subcat\Lab Pins and Kits_s.jpg
Latch Guard,Latch Guard_s,\\ap01\B2B\Customer\acarha\images\subcat\Latch Guard_s.jpg
LB Lever,LB Lever_s,\\ap01\B2B\Customer\acarha\images\subcat\LB Lever_s.jpg
LB Mortise Lever,LB Mortise Lever_s,\\ap01\B2B\Customer\acarha\images\subcat\LB Mortise Lever_s.jpg
LC Lever Design,LC Lever Design_s,\\ap01\B2B\Customer\acarha\images\subcat\LC Lever Design_s.jpg
LCN Closer,LCN Closer_s,\\ap01\B2B\Customer\acarha\images\subcat\LCN Closer_s.jpg
LCN Heavy Duty Closer,LCN Heavy Duty Closer_s,\\ap01\B2B\Customer\acarha\images\subcat\LCN Heavy Duty Closer_s.jpg
Lever Keyless Entry,Lever Keyless Entry_s,\\ap01\B2B\Customer\acarha\images\subcat\Lever Keyless Entry_s.jpg
LG Lever Design,LG Lever Design_s,\\ap01\B2B\Customer\acarha\images\subcat\LG Lever Design_s.jpg
LJ Lever,LJ Lever_s,\\ap01\B2B\Customer\acarha\images\subcat\LJ Lever_s.jpg
LL Lever,LL Lever_s,\\ap01\B2B\Customer\acarha\images\subcat\LL Lever_s.jpg
LL Mortise Lever,LL Mortise Lever_s,\\ap01\B2B\Customer\acarha\images\subcat\LL Mortise Lever_s.jpg
LNB Mortise Lever,LNB Mortise Lever_s,\\ap01\B2B\Customer\acarha\images\subcat\LNB Mortise Lever_s.jpg
LNE Mortise Lever,LNE Mortise Lever_s,\\ap01\B2B\Customer\acarha\images\subcat\LNE Mortise Lever_s.jpg
LNJ Mortise Lever,LNJ Mortise Lever_s,\\ap01\B2B\Customer\acarha\images\subcat\LNJ Mortise Lever_s.jpg
LNL Mortise Lever,LNL Mortise Lever_s,\\ap01\B2B\Customer\acarha\images\subcat\LNL Mortise Lever_s.jpg
Locknetics Keyless Entry,Locknetics Keyless Entry_s,\\ap01\B2B\Customer\acarha\images\subcat\Locknetics Keyless Entry_s.jpg
Locknetics Magnets,Locknetics Magnets_s,\\ap01\B2B\Customer\acarha\images\subcat\Locknetics Magnets_s.jpg
Mortise Leverset,LOMORLVR_s,\\ap01\B2B\Customer\acarha\images\subcat\LOMORLVR_s.jpg
LP Lever,LP Lever_s,\\ap01\B2B\Customer\acarha\images\subcat\LP Lever_s.jpg
LR Lever Design,LR Lever Design_s,\\ap01\B2B\Customer\acarha\images\subcat\LR Lever Design_s.jpg
Maglocks,Maglocks_s,\\ap01\B2B\Customer\acarha\images\subcat\Maglocks_s.jpg
Mail Slot,Mail Slot_s,\\ap01\B2B\Customer\acarha\images\subcat\Mail Slot_s.jpg
Manual Flushbolts,Manual Flushbolts_s,\\ap01\B2B\Customer\acarha\images\subcat\Manual Flushbolts_s.jpg
Master Padlock Key Blanks,Master Padlock Key Blanks_s,\\ap01\B2B\Customer\acarha\images\subcat\Master Padlock Key Blanks_s.jpg
master padlocks,master padlocks_s,\\ap01\B2B\Customer\acarha\images\subcat\master padlocks_s.jpg
master pins,master pins_s,\\ap01\B2B\Customer\acarha\images\subcat\master pins_s.jpg
Mechanical Keyless Entry,Mechanical Keyless Entry_s,\\ap01\B2B\Customer\acarha\images\subcat\Mechanical Keyless Entry_s.jpg
Mirror,Mirror_s,\\ap01\B2B\Customer\acarha\images\subcat\Mirror_s.jpg
ML2010 Passage,ML2010 Passage_s,\\ap01\B2B\Customer\acarha\images\subcat\ML2010 Passage_s.jpg
ML2030 Privacy,ML2030 Privacy_s,\\ap01\B2B\Customer\acarha\images\subcat\ML2030 Privacy_s.jpg
ML2051 Entry,ML2051 Entry_s,\\ap01\B2B\Customer\acarha\images\subcat\ML2051 Entry_s.jpg
ML2055 Classroom,ML2055 Classroom_s,\\ap01\B2B\Customer\acarha\images\subcat\ML2055 Classroom_s.jpg
ML2057 Storeroom,ML2057 Storeroom_s,\\ap01\B2B\Customer\acarha\images\subcat\ML2057 Storeroom_s.jpg
ML2065 Dormatory,ML2065 Dormatory_s,\\ap01\B2B\Customer\acarha\images\subcat\ML2065 Dormatory_s.jpg
ML2070 Double Dummy Trim,ML2070 Double Dummy Trim_s,\\ap01\B2B\Customer\acarha\images\subcat\ML2070 Double Dummy Trim_s.jpg
Monarch Exit Device Trim,Monarch Exit Device Trim_s,\\ap01\B2B\Customer\acarha\images\subcat\Monarch Exit Device Trim_s.jpg
Monarch Rim Exit Device,Monarch Rim Exit Device_s,\\ap01\B2B\Customer\acarha\images\subcat\Monarch Rim Exit Device_s.jpg
Monarch Surface Vertical Rod Exit Device,Monarch Surface Vertical Rod Exit Device_s,\\ap01\B2B\Customer\acarha\images\subcat\Monarch Surface Vertical Rod Exit Device_s.jpg
mortise cylinders,mortise cylinders_s,\\ap01\B2B\Customer\acarha\images\subcat\mortise cylinders_s.jpg
Mortise Exit Device,Mortise Exit Device_s,\\ap01\B2B\Customer\acarha\images\subcat\Mortise Exit Device_s.jpg
Motion Sensor,Motion Sensor_s,\\ap01\B2B\Customer\acarha\images\subcat\Motion Sensor_s.jpg
Mullions,Mullions_s,\\ap01\B2B\Customer\acarha\images\subcat\Mullions_s.jpg
ND Series Lever,ND Series Lever_s,\\ap01\B2B\Customer\acarha\images\subcat\ND Series Lever_s.jpg
ND10S Passage,ND10S Passage_s,\\ap01\B2B\Customer\acarha\images\subcat\ND10S Passage_s.jpg
ND170 Single Dummy Trim,ND170 Single Dummy Trim_s,\\ap01\B2B\Customer\acarha\images\subcat\ND170 Single Dummy Trim_s.jpg
ND40S Privacy,ND40S Privacy_s,\\ap01\B2B\Customer\acarha\images\subcat\ND40S Privacy_s.jpg
ND50PD Office,ND50PD Office_s,\\ap01\B2B\Customer\acarha\images\subcat\ND50PD Office_s.jpg
ND53PD Entry,ND53PD Entry_s,\\ap01\B2B\Customer\acarha\images\subcat\ND53PD Entry_s.jpg
ND66PD Storedoor,ND66PD Storedoor_s,\\ap01\B2B\Customer\acarha\images\subcat\ND66PD Storedoor_s.jpg
ND70PD Classroom,ND70PD Classroom_s,\\ap01\B2B\Customer\acarha\images\subcat\ND70PD Classroom_s.jpg
ND80PD Storeroom,ND80PD Storeroom_s,\\ap01\B2B\Customer\acarha\images\subcat\ND80PD Storeroom_s.jpg
ND82PD Institution,ND82PD Institution_s,\\ap01\B2B\Customer\acarha\images\subcat\ND82PD Institution_s.jpg
Neptune Lever,Neptune Lever_s,\\ap01\B2B\Customer\acarha\images\subcat\Neptune Lever_s.jpg
Norton Closer,Norton Closer_s,\\ap01\B2B\Customer\acarha\images\subcat\Norton Closer_s.jpg
Norton Heavy Duty Closer,Norton Heavy Duty Closer_s,\\ap01\B2B\Customer\acarha\images\subcat\Norton Heavy Duty Closer_s.jpg
NSA Mortise Lever,NSA Mortise Lever_s,\\ap01\B2B\Customer\acarha\images\subcat\NSA Mortise Lever_s.jpg
NZD Design,NZD Design_s,\\ap01\B2B\Customer\acarha\images\subcat\NZD Design_s.jpg
Omega Lever,Omega Lever_s,\\ap01\B2B\Customer\acarha\images\subcat\Omega Lever_s.jpg
Overhead Concealed Closer Body Only,Overhead Concealed Closer Body Only_s,\\ap01\B2B\Customer\acarha\images\subcat\Overhead Concealed Closer Body Only_s.jpg
Overhead Concealed Closer Complete,Overhead Concealed Closer Complete_s,\\ap01\B2B\Customer\acarha\images\subcat\Overhead Concealed Closer Complete_s.jpg
overhead door holder,overhead door holder_s,\\ap01\B2B\Customer\acarha\images\subcat\overhead door holder_s.jpg
padlock,padlock_s,\\ap01\B2B\Customer\acarha\images\subcat\padlock_s.jpg
Paper Towel Holder,Paper Towel Holder_s,\\ap01\B2B\Customer\acarha\images\subcat\Paper Towel Holder_s.jpg
Pins and Kits,Pins and Kits_s,\\ap01\B2B\Customer\acarha\images\subcat\Pins and Kits_s.jpg
Pioneer Series Grade 2,Pioneer Series Grade 2_s,\\ap01\B2B\Customer\acarha\images\subcat\Pioneer Series Grade 2_s.jpg
Pocket Door Hardware,IVE014250_s,\\ap01\B2B\Customer\acarha\images\items\IVE014250_s.jpg
Pocket Door Pull,Pocket Door Pull_s,\\ap01\B2B\Customer\acarha\images\subcat\Pocket Door Pull_s.jpg
Power Transfer,Power Transfer_s,\\ap01\B2B\Customer\acarha\images\subcat\Power Transfer_s.jpg
Pull Plate,Pull Plate_s,\\ap01\B2B\Customer\acarha\images\subcat\Pull Plate_s.jpg
Push Plate,Push Plate_s,\\ap01\B2B\Customer\acarha\images\subcat\Push Plate_s.jpg
Rectifiers,Rectifiers_s,\\ap01\B2B\Customer\acarha\images\subcat\Rectifiers_s.jpg
Rhodes Lever,Rhodes Lever_s,\\ap01\B2B\Customer\acarha\images\subcat\Rhodes Lever_s.jpg.jpg
rim cylinders,rim cylinders_s,\\ap01\B2B\Customer\acarha\images\subcat\rim cylinders_s.jpg
Rim Exit Device,Rim Exit Device_s,\\ap01\B2B\Customer\acarha\images\subcat\Rim Exit Device_s.jpg
rixson pivots,rixson pivots_s,\\ap01\B2B\Customer\acarha\images\subcat\rixson pivots_s.jpg
Rockwood Door Viewers,Rockwood Door Viewers_s,\\ap01\B2B\Customer\acarha\images\subcat\Rockwood Door Viewers_s.jpg
Rockwood Entry Pull,Rockwood Entry Pull_s,\\ap01\B2B\Customer\acarha\images\subcat\Rockwood Entry Pull_s.jpg
Rockwood Floor Stop,Rockwood Floor Stop_s,\\ap01\B2B\Customer\acarha\images\subcat\Rockwood Floor Stop_s.jpg
Rockwood Flushbolts,Rockwood Flushbolts_s,\\ap01\B2B\Customer\acarha\images\subcat\Rockwood Flushbolts_s.jpg
Rockwood Pull Plate,Rockwood Pull Plate_s,\\ap01\B2B\Customer\acarha\images\subcat\Rockwood Pull Plate_s.jpg
Rockwood Push Plate,Rockwood Push Plate_s,\\ap01\B2B\Customer\acarha\images\subcat\Rockwood Push Plate_s.jpg
Rockwood Wall Stop,Rockwood Wall Stop_s,\\ap01\B2B\Customer\acarha\images\subcat\Rockwood Wall Stop_s.jpg
Rofu Electric Strikes,Rofu Electric Strikes_s,\\ap01\B2B\Customer\acarha\images\subcat\Rofu Electric Strikes_s.jpg
Rofu Magnets,Rofu Magnets_s,\\ap01\B2B\Customer\acarha\images\subcat\Rofu Magnets_s.jpg
Roller Latch,Roller Latch_s,\\ap01\B2B\Customer\acarha\images\subcat\Roller Latch_s.jpg
Sargent Cylindrical Cylinders,Sargent Cylindrical Cylinders_s,\\ap01\B2B\Customer\acarha\images\subcat\Sargent Cylindrical Cylinders_s.jpg
Sargent Cylindrical Lever,Sargent Cylindrical Lever_s,\\ap01\B2B\Customer\acarha\images\subcat\Sargent Cylindrical Lever_s.jpg
Sargent Deadbolts,Sargent Deadbolts_s,\\ap01\B2B\Customer\acarha\images\subcat\Sargent Deadbolts_s.jpg
Sargent EL Lockset,Sargent EL Lockset_s,\\ap01\B2B\Customer\acarha\images\subcat\Sargent EL Lockset_s.jpg
Sargent EL Mortise Lock,Sargent EL Mortise Lock_s,\\ap01\B2B\Customer\acarha\images\subcat\Sargent EL Mortise Lock_s.jpg
Sargent Exit Alarm,Sargent Exit Alarm_s,\\ap01\B2B\Customer\acarha\images\subcat\Sargent Exit Alarm_s.jpg
Sargent Exit Device Trim,Sargent Exit Device Trim_s,\\ap01\B2B\Customer\acarha\images\subcat\Sargent Exit Device Trim_s.jpg
Sargent Heavy Duty Closer,Sargent Heavy Duty Closer_s,\\ap01\B2B\Customer\acarha\images\subcat\Sargent Heavy Duty Closer_s.jpg
Sargent IC Core,Sargent IC Core_s,\\ap01\B2B\Customer\acarha\images\subcat\Sargent IC Core_s.jpg
Sargent IC Cylinder Housings,Sargent IC Cylinder Housings_s,\\ap01\B2B\Customer\acarha\images\subcat\Sargent IC Cylinder Housings_s.jpg
Sargent Key Blanks,Sargent Key Blanks_s,\\ap01\B2B\Customer\acarha\images\subcat\Sargent Key Blanks_s.jpg
Sargent Medium Duty Closer,Sargent Medium Duty Closer_s,\\ap01\B2B\Customer\acarha\images\subcat\Sargent Medium Duty Closer_s.jpg
Sargent Mortise Cylinders,Sargent Mortise Cylinders_s,\\ap01\B2B\Customer\acarha\images\subcat\Sargent Mortise Cylinders_s.jpg
Sargent Mortise Exit Device,Sargent Mortise Exit Device_s,\\ap01\B2B\Customer\acarha\images\subcat\Sargent Mortise Exit Device_s.jpg
Sargent Mortise Lever,Sargent Mortise Lever_s,\\ap01\B2B\Customer\acarha\images\subcat\Sargent Mortise Lever_s.jpg
Sargent Mullion,Sargent Mullion_s,\\ap01\B2B\Customer\acarha\images\subcat\Sargent Mullion_s.jpg
sargent padlocks,sargent padlocks_s,\\ap01\B2B\Customer\acarha\images\subcat\sargent padlocks_s.jpg
sargent pins,sargent pins_s,\\ap01\B2B\Customer\acarha\images\subcat\sargent pins_s.jpg
Sargent Rim Cylinders,Sargent Rim Cylinders_s,\\ap01\B2B\Customer\acarha\images\subcat\Sargent Rim Cylinders_s.jpg
Sargent Rim Exit Device,Sargent Rim Exit Device_s,\\ap01\B2B\Customer\acarha\images\subcat\Sargent Rim Exit Device_s.jpg
Sargent Surface Vertical Rod Exit Device,Sargent Surface Vertical Rod Exit Device_s,\\ap01\B2B\Customer\acarha\images\subcat\Sargent Surface Vertical Rod Exit Device_s.jpg
Saturn Lever,Saturn Lever_s,\\ap01\B2B\Customer\acarha\images\subcat\Saturn Lever_s.jpg
Schlage Classroom Deadbolts,Schlage Classroom Deadbolts_s,\\ap01\B2B\Customer\acarha\images\subcat\Schlage Classroom Deadbolts_s.jpg
Schlage Cobra,Schlage Cobra_s,\\ap01\B2B\Customer\acarha\images\subcat\Schlage Cobra_s.jpg
Schlage Cylindrical Lever,Schlage Cylindrical Lever_s,\\ap01\B2B\Customer\acarha\images\subcat\Schlage Cylindrical Lever_s.jpg
Schlage Deadbolts,Schlage Deadbolts_s,\\ap01\B2B\Customer\acarha\images\subcat\Schlage Deadbolts_s.jpg
Schlage Double Deadbolts,Schlage Double Deadbolts_s,\\ap01\B2B\Customer\acarha\images\subcat\Schlage Double Deadbolts_s.jpg
Schlage EL Lockset,Schlage EL Lockset_s,\\ap01\B2B\Customer\acarha\images\subcat\Schlage EL Lockset_s.jpg
Schlage EL Mortise Lock,Schlage EL Mortise Lock_s,\\ap01\B2B\Customer\acarha\images\subcat\Schlage EL Mortise Lock_s.jpg
Schlage IC Core,Schlage IC Core_s,\\ap01\B2B\Customer\acarha\images\subcat\Schlage IC Core_s.jpg
Schlage Key Blanks,Schlage Key Blanks_s,\\ap01\B2B\Customer\acarha\images\subcat\Schlage Key Blanks_s.jpg
Schlage Mortise Cylinders,Schlage Mortise Cylinders_s,\\ap01\B2B\Customer\acarha\images\subcat\Schlage Mortise Cylinders_s.jpg
Schlage Mortise Lever,Schlage Mortise Lever_s,\\ap01\B2B\Customer\acarha\images\subcat\Schlage Mortise Lever_s.jpg
schlage padlocks,schlage padlocks_s,\\ap01\B2B\Customer\acarha\images\subcat\schlage padlocks_s.jpg
schlage pins,schlage pins_s,\\ap01\B2B\Customer\acarha\images\subcat\schlage pins_s.jpg
Schlage Rim Cylinders,Schlage Rim Cylinders_s,\\ap01\B2B\Customer\acarha\images\subcat\Schlage Rim Cylinders_s.jpg
Schlage Single Deadbolts,Schlage Single Deadbolts_s,\\ap01\B2B\Customer\acarha\images\subcat\Schlage Single Deadbolts_s.jpg
Seal,Seal_s,\\ap01\B2B\Customer\acarha\images\subcat\Seal_s.jpg
Securitron,Securitron_s,\\ap01\B2B\Customer\acarha\images\subcat\Securitron_s.jpg
Securitron Electric Strikes,Securitron Electric Strikes_s,\\ap01\B2B\Customer\acarha\images\subcat\Securitron Electric Strikes_s.jpg
Securitron Magnets,Securitron Magnets_s,\\ap01\B2B\Customer\acarha\images\subcat\Securitron Magnets_s.jpg
Self Adhesive Gasket,Self Adhesive Gasket_s,\\ap01\B2B\Customer\acarha\images\subcat\Self Adhesive Gasket_s.jpg
Signs,Signs_s,\\ap01\B2B\Customer\acarha\images\subcat\Signs_s.jpg
SL Series Grade 2,SL Series Grade 2_s,\\ap01\B2B\Customer\acarha\images\subcat\SL Series Grade 2_s.jpg
SL-00 Entry,SL-00 Entry_s,\\ap01\B2B\Customer\acarha\images\subcat\SL-00 Entry_s.jpg
SL-03 Classroom,SL-03 Classroom_s,\\ap01\B2B\Customer\acarha\images\subcat\SL-03 Classroom_s.jpg
SL-05 Storeroom,SL-05 Storeroom_s,\\ap01\B2B\Customer\acarha\images\subcat\SL-05 Storeroom_s.jpg
SL-20 Privacy,SL-20 Privacy_s,\\ap01\B2B\Customer\acarha\images\subcat\SL-20 Privacy_s.jpg
SL-30 Passage,SL-30 Passage_s,\\ap01\B2B\Customer\acarha\images\subcat\SL-30 Passage_s.jpg
SL-40 Single Dummy Lever,SL-40 Single Dummy Lever_s,\\ap01\B2B\Customer\acarha\images\subcat\SL-40 Single Dummy Lever_s.jpg
Sliding Door Hardware,Sliding Door Hardware_s,\\ap01\B2B\Customer\acarha\images\subcat\Sliding Door Hardware_s.jpg
Sliding Door Track and Roller,Sliding Door Track and Roller_s,\\ap01\B2B\Customer\acarha\images\subcat\Sliding Door Track and Roller_s.jpg
Soap Dispenser,Soap Dispenser_s,\\ap01\B2B\Customer\acarha\images\subcat\Soap Dispenser_s.jpg
Sparta Lever,Sparta Lever_s,\\ap01\B2B\Customer\acarha\images\subcat\Sparta Lever_s.jpg
Spring Hinge,Spring Hinge_s,\\ap01\B2B\Customer\acarha\images\subcat\Spring Hinge_s.jpg
Stanley Commercial Classroom,Stanley Commercial Classroom_s,\\ap01\B2B\Customer\acarha\images\subcat\Stanley Commercial Classroom_s.jpg
Stanley Commercial Cylindrical Lever,Stanley Commercial Cylindrical Lever_s,\\ap01\B2B\Customer\acarha\images\subcat\Stanley Commercial Cylindrical Lever_s.jpg
Stanley Commercial Deadbolt,Stanley Commercial Deadbolt_s,\\ap01\B2B\Customer\acarha\images\subcat\Stanley Commercial Deadbolt_s.jpg
Stanley Commercial Entry,Stanley Commercial Entry_s,\\ap01\B2B\Customer\acarha\images\subcat\Stanley Commercial Entry_s.jpg
Stanley Commercial Passage,Stanley Commercial Passage_s,\\ap01\B2B\Customer\acarha\images\subcat\Stanley Commercial Passage_s.jpg
Stanley Commercial Privacy,Stanley Commercial Privacy_s,\\ap01\B2B\Customer\acarha\images\subcat\Stanley Commercial Privacy_s.jpg
Stanley Commercial Storeroom,Stanley Commercial Storeroom_s,\\ap01\B2B\Customer\acarha\images\subcat\Stanley Commercial Storeroom_s.jpg
Stanley Medium Duty Closer,Stanley Medium Duty Closer_s,\\ap01\B2B\Customer\acarha\images\subcat\Stanley Medium Duty Closer_s.jpg
stanley rim exit device,stanley rim exit device_s,\\ap01\B2B\Customer\acarha\images\subcat\stanley rim exit device_s.jpg
Stop Strip,Stop Strip_s,\\ap01\B2B\Customer\acarha\images\subcat\Stop Strip_s.jpg
storefront locks,storefront locks_s,\\ap01\B2B\Customer\acarha\images\subcat\storefront locks_s.jpg
strikes,strikes_s,\\ap01\B2B\Customer\acarha\images\subcat\strikes_s.jpg
Surface Mounted Bolt,Surface Mounted Bolt_s,\\ap01\B2B\Customer\acarha\images\subcat\Surface Mounted Bolt_s.jpg
Surface Vertical Rod Exit Device,Surface Vertical Rod Exit Device_s,\\ap01\B2B\Customer\acarha\images\subcat\Surface Vertical Rod Exit Device_s.jpg
Sweep,Sweep_s,\\ap01\B2B\Customer\acarha\images\subcat\Sweep_s.jpg
T Series Cylindrical Lever,T Series Cylindrical Lever_s,\\ap01\B2B\Customer\acarha\images\subcat\T Series Cylindrical Lever_s.jpg
T Series Dane Lever,T Series Dane Lever_s,\\ap01\B2B\Customer\acarha\images\subcat\T Series Dane Lever_s.jpg
T Series Quantum Lever,T Series Quantum Lever_s,\\ap01\B2B\Customer\acarha\images\subcat\T Series Quantum Lever_s.jpg
T101 Passage,T101 Passage_s,\\ap01\B2B\Customer\acarha\images\subcat\T101 Passage_s.jpg
T12 Single Dummy Trim,T12 Single Dummy Trim_s,\\ap01\B2B\Customer\acarha\images\subcat\T12 Single Dummy Trim_s.jpg
T301 Privacy,T301 Privacy_s,\\ap01\B2B\Customer\acarha\images\subcat\T301 Privacy_s.jpg
T511 Entry,T511 Entry_s,\\ap01\B2B\Customer\acarha\images\subcat\T511 Entry_s.jpg
T561 Classroom,T561 Classroom_s,\\ap01\B2B\Customer\acarha\images\subcat\T561 Classroom_s.jpg
T581 Storeroom,T581 Storeroom_s,\\ap01\B2B\Customer\acarha\images\subcat\T581 Storeroom_s.jpg
Three Knuckle Hinge,Three Knuckle Hinge_s,\\ap01\B2B\Customer\acarha\images\subcat\Three Knuckle Hinge_s.jpg
Threshold,Threshold_s,\\ap01\B2B\Customer\acarha\images\subcat\Threshold_s.jpg
Timers,Timers_s,\\ap01\B2B\Customer\acarha\images\subcat\Timers_s.jpg
Touchbar,Touchbar_s,\\ap01\B2B\Customer\acarha\images\subcat\Touchbar_s.jpg
Transformer,Transformer_s,\\ap01\B2B\Customer\acarha\images\subcat\Transformer_s.jpg
Trimco Dust Proof Strikes,Trimco Dust Proof Strikes_s,\\ap01\B2B\Customer\acarha\images\subcat\Trimco Dust Proof Strikes_s.jpg
Trimco Edge Pull,Trimco Edge Pull_s,\\ap01\B2B\Customer\acarha\images\subcat\Trimco Edge Pull_s.jpg
Trimco Entry Pull,Trimco Entry Pull_s,\\ap01\B2B\Customer\acarha\images\subcat\Trimco Entry Pull_s.jpg
Trimco Floor Stop,Trimco Floor Stop_s,\\ap01\B2B\Customer\acarha\images\subcat\Trimco Floor Stop_s.jpg
Trimco Roller Latch,Trimco Roller Latch_s,\\ap01\B2B\Customer\acarha\images\subcat\Trimco Roller Latch_s.jpg
Trine Electric Strikes,Trine Electric Strikes_s,\\ap01\B2B\Customer\acarha\images\subcat\Trine Electric Strikes_s.jpg
Tuff Strike Filler Plates,Tuff Strike Filler Plates_s,\\ap01\B2B\Customer\acarha\images\subcat\Tuff Strike Filler Plates_s.jpg
Two Knuckle Bearing Hinge,Two Knuckle Bearing Hinge_s,\\ap01\B2B\Customer\acarha\images\subcat\Two Knuckle Bearing Hinge_s.jpg
Two Knuckle Hinge,Two Knuckle Hinge_s,\\ap01\B2B\Customer\acarha\images\subcat\Two Knuckle Hinge_s.jpg
Von Duprin Electric Strikes,Von Duprin Electric Strikes_s,\\ap01\B2B\Customer\acarha\images\subcat\Von Duprin Electric Strikes_s.jpg
Von Duprin Exit Device Trim,Von Duprin Exit Device Trim_s,\\ap01\B2B\Customer\acarha\images\subcat\Von Duprin Exit Device Trim_s.jpg
Vonduprin Exit Alarm,Vonduprin Exit Alarm_s,\\ap01\B2B\Customer\acarha\images\subcat\Vonduprin Exit Alarm_s.jpg
Vonduprin Mortise Exit  Device,Vonduprin Mortise Exit  Device_s,\\ap01\B2B\Customer\acarha\images\subcat\Vonduprin Mortise Exit  Device_s.jpg
Vonduprin Mullion,Vonduprin Mullion_s,\\ap01\B2B\Customer\acarha\images\subcat\Vonduprin Mullion_s.jpg
Vonduprin Rim Exit Device,Vonduprin Rim Exit Device_s,\\ap01\B2B\Customer\acarha\images\subcat\Vonduprin Rim Exit Device_s.jpg
Vonduprin Surface Vertical Rod Exit Device,Vonduprin Surface Vertical Rod Exit Device_s,\\ap01\B2B\Customer\acarha\images\subcat\Vonduprin Surface Vertical Rod Exit Device_s.jpg
Wall Stop,Wall Stop_s,\\ap01\B2B\Customer\acarha\images\subcat\Wall Stop_s.jpg
Waste Receptical,Waste Receptical_s,\\ap01\B2B\Customer\acarha\images\subcat\Waste Receptical_s.jpg
We have an extensive line of parts Please call for Information,We have an extensive line of parts Please call for Information_s,\\ap01\B2B\Customer\acarha\images\subcat\We have an extensive line of parts Please call for Information_s.jpg
Wrap Around Door Guard,Wrap Around Door Guard_s,\\ap01\B2B\Customer\acarha\images\subcat\Wrap Around Door Guard_s.jpg
Yale Key Blanks,Yale Key Blanks_s,\\ap01\B2B\Customer\acarha\images\subcat\Yale Key Blanks_s.jpg
